x0;y;y_hat;right
4444;"large";"large";True
9668;"large";"large";True
-4237;"small";"small";True
4171;"large";"large";True
-5829;"small";"small";True
-448;"small";"small";True
-9202;"small";"small";True
7738;"large";"large";True
2190;"large";"large";True
6870;"large";"large";True
-7010;"small";"small";True
-9862;"small";"small";True
6352;"large";"large";True
1595;"";"";True
-6454;"small";"small";True
4346;"large";"large";True
2904;"large";"large";True
-9699;"small";"small";True
5774;"large";"large";True
-6705;"small";"small";True
-1256;"small";"small";True
4450;"large";"large";True
2940;"large";"large";True
-468;"small";"small";True
7116;"large";"large";True
-4248;"small";"small";True
-2419;"small";"small";True
379;"small";"small";True
-7721;"small";"small";True
3090;"large";"large";True
4733;"large";"large";True
-1376;"small";"small";True
-4356;"small";"small";True
5642;"large";"large";True
4186;"large";"large";True
-6062;"small";"small";True
-311;"small";"small";True
2677;"large";"large";True
-848;"small";"small";True
-5229;"small";"small";True
6357;"large";"large";True
445;"small";"small";True
8703;"large";"large";True
201;"small";"small";True
-1334;"small";"small";True
-7620;"small";"small";True
-1463;"small";"small";True
3236;"large";"large";True
9450;"large";"large";True
8721;"large";"large";True
-2520;"small";"small";True
567;"small";"small";True
-7614;"small";"small";True
3897;"large";"large";True
3862;"large";"large";True
-7401;"small";"small";True
3128;"large";"large";True
-6876;"small";"small";True
7784;"large";"large";True
-2380;"small";"small";True
4962;"large";"large";True
3917;"large";"large";True
-1399;"small";"small";True
3325;"large";"large";True
-4729;"small";"small";True
4393;"large";"large";True
-8233;"small";"small";True
6351;"large";"large";True
9934;"large";"large";True
1696;"";"";True
1485;"";"";True
2267;"large";"large";True
-8880;"small";"small";True
3576;"large";"large";True
6929;"large";"large";True
9245;"large";"large";True
-2137;"small";"small";True
-4674;"small";"small";True
8578;"large";"large";True
5449;"large";"large";True
3828;"large";"large";True
-889;"small";"small";True
8284;"large";"large";True
-6364;"small";"small";True
-668;"small";"small";True
-9762;"small";"small";True
2819;"large";"large";True
-667;"small";"small";True
4459;"large";"large";True
4980;"large";"large";True
9340;"large";"large";True
-4691;"small";"small";True
-7172;"small";"small";True
8011;"large";"large";True
6662;"large";"large";True
-8093;"small";"small";True
-5437;"small";"small";True
3223;"large";"large";True
2770;"large";"large";True
745;"small";"small";True
8064;"large";"large";True
-3363;"small";"small";True
4629;"large";"large";True
5105;"large";"large";True
2337;"large";"large";True
7780;"large";"large";True
-7133;"small";"small";True
5994;"large";"large";True
-9331;"small";"small";True
-5318;"small";"small";True
-5700;"small";"small";True
3460;"large";"large";True
3270;"large";"large";True
-3837;"small";"small";True
-9467;"small";"small";True
-2187;"small";"small";True
8488;"large";"large";True
2283;"large";"large";True
8136;"large";"large";True
-7014;"small";"small";True
2217;"large";"large";True
-1833;"small";"small";True
-8264;"small";"small";True
-5678;"small";"small";True
-3848;"small";"small";True
-7563;"small";"small";True
5545;"large";"large";True
-2559;"small";"small";True
8557;"large";"large";True
8222;"large";"large";True
-5657;"small";"small";True
3921;"large";"large";True
8821;"large";"large";True
-8478;"small";"small";True
42;"small";"small";True
-5378;"small";"small";True
7445;"large";"large";True
-9998;"small";"small";True
-8503;"small";"small";True
5671;"large";"large";True
2195;"large";"large";True
-6863;"small";"small";True
1839;"";"";True
7111;"large";"large";True
-9909;"small";"small";True
-8658;"small";"small";True
-3664;"small";"small";True
5062;"large";"large";True
-7192;"small";"small";True
-252;"small";"small";True
4200;"large";"large";True
-9611;"small";"small";True
3265;"large";"large";True
5373;"large";"large";True
-8997;"small";"small";True
8028;"large";"large";True
5591;"large";"large";True
6544;"large";"large";True
-2136;"small";"small";True
-2280;"small";"small";True
-869;"small";"small";True
-8251;"small";"small";True
4745;"large";"large";True
-6525;"small";"small";True
2823;"large";"large";True
-6587;"small";"small";True
-4782;"small";"small";True
-8584;"small";"small";True
-5968;"small";"small";True
-8974;"small";"small";True
1505;"";"";True
-2191;"small";"small";True
-9958;"small";"small";True
2865;"large";"large";True
-2663;"small";"small";True
-7359;"small";"small";True
-9333;"small";"small";True
-4568;"small";"small";True
-9946;"small";"small";True
-6867;"small";"small";True
-9136;"small";"small";True
-3231;"small";"small";True
-6246;"small";"small";True
3518;"large";"large";True
-9391;"small";"small";True
3733;"large";"large";True
9149;"large";"large";True
-9346;"small";"small";True
8609;"large";"large";True
7280;"large";"large";True
-4198;"small";"small";True
600;"small";"small";True
4536;"large";"large";True
1193;"";"";True
1442;"";"";True
-87;"small";"small";True
8860;"large";"large";True
-5306;"small";"small";True
958;"small";"small";True
9804;"large";"large";True
-2171;"small";"small";True
-6109;"small";"small";True
-3996;"small";"small";True
8093;"large";"large";True
1697;"";"";True
1015;"";"";True
-3002;"small";"small";True
2051;"large";"large";True
7407;"large";"large";True
4228;"large";"large";True
-1942;"small";"small";True
7261;"large";"large";True
-1514;"small";"small";True
-947;"small";"small";True
-9299;"small";"small";True
5831;"large";"large";True
4027;"large";"large";True
117;"small";"small";True
-3708;"small";"small";True
1444;"";"";True
5358;"large";"large";True
129;"small";"small";True
-3464;"small";"small";True
-1029;"small";"small";True
7037;"large";"large";True
-5340;"small";"small";True
-8461;"small";"small";True
-5352;"small";"small";True
-8211;"small";"small";True
-6684;"small";"small";True
4975;"large";"large";True
-4755;"small";"small";True
8104;"large";"large";True
-4103;"small";"small";True
1199;"";"";True
-2726;"small";"small";True
-3746;"small";"small";True
452;"small";"small";True
-5040;"small";"small";True
-9901;"small";"small";True
8892;"large";"large";True
8580;"large";"large";True
9302;"large";"large";True
-2081;"small";"small";True
-3725;"small";"small";True
4091;"large";"large";True
7405;"large";"large";True
-8182;"small";"small";True
-8159;"small";"small";True
-637;"small";"small";True
-4162;"small";"small";True
2402;"large";"large";True
-8257;"small";"small";True
6812;"large";"large";True
798;"small";"small";True
1169;"";"";True
-9259;"small";"small";True
-5604;"small";"small";True
9486;"large";"large";True
182;"small";"small";True
-6161;"small";"small";True
1064;"";"";True
7049;"large";"large";True
-3152;"small";"small";True
5150;"large";"large";True
-7149;"small";"small";True
6995;"large";"large";True
7956;"large";"large";True
-5945;"small";"small";True
-9282;"small";"small";True
1798;"";"";True
-8705;"small";"small";True
598;"small";"small";True
-175;"small";"small";True
9537;"large";"large";True
-4498;"small";"small";True
-2707;"small";"small";True
-8410;"small";"small";True
-1635;"small";"small";True
2035;"large";"large";True
-150;"small";"small";True
2215;"large";"large";True
-5453;"small";"small";True
2765;"large";"large";True
6697;"large";"large";True
-7622;"small";"small";True
7904;"large";"large";True
-9001;"small";"small";True
2083;"large";"large";True
893;"small";"small";True
-4616;"small";"small";True
8082;"large";"large";True
-9720;"small";"small";True
9437;"large";"large";True
6430;"large";"large";True
-4120;"small";"small";True
6631;"large";"large";True
3534;"large";"large";True
-8472;"small";"small";True
9629;"large";"large";True
489;"small";"small";True
1028;"";"";True
-9570;"small";"small";True
2183;"large";"large";True
-4385;"small";"small";True
3997;"large";"large";True
1852;"";"";True
5151;"large";"large";True
-3693;"small";"small";True
8855;"large";"large";True
8340;"large";"large";True
-7148;"small";"small";True
3865;"large";"large";True
3356;"large";"large";True
-1046;"small";"small";True
-4889;"small";"small";True
2351;"large";"large";True
-451;"small";"small";True
-4014;"small";"small";True
9463;"large";"large";True
-8609;"small";"small";True
4083;"large";"large";True
5981;"large";"large";True
4123;"large";"large";True
708;"small";"small";True
-1201;"small";"small";True
-6235;"small";"small";True
-735;"small";"small";True
7402;"large";"large";True
48;"small";"small";True
5732;"large";"large";True
-212;"small";"small";True
5912;"large";"large";True
3992;"large";"large";True
6362;"large";"large";True
-9504;"small";"small";True
-8101;"small";"small";True
3785;"large";"large";True
9393;"large";"large";True
781;"small";"small";True
6067;"large";"large";True
-2673;"small";"small";True
-1216;"small";"small";True
-6468;"small";"small";True
-9227;"small";"small";True
8561;"large";"large";True
5351;"large";"large";True
4313;"large";"large";True
-3905;"small";"small";True
-3389;"small";"small";True
-7238;"small";"small";True
-3197;"small";"small";True
9101;"large";"large";True
-7668;"small";"small";True
594;"small";"small";True
-421;"small";"small";True
-2453;"small";"small";True
-7323;"small";"small";True
7900;"large";"large";True
1502;"";"";True
7899;"large";"large";True
-3159;"small";"small";True
7041;"large";"large";True
5601;"large";"large";True
-829;"small";"small";True
-6064;"small";"small";True
-1024;"small";"small";True
-4140;"small";"small";True
6642;"large";"large";True
-2068;"small";"small";True
-6398;"small";"small";True
-4650;"small";"small";True
-5393;"small";"small";True
-1408;"small";"small";True
-5970;"small";"small";True
1156;"";"";True
2887;"large";"large";True
-4448;"small";"small";True
2343;"large";"large";True
9390;"large";"large";True
-1605;"small";"small";True
4224;"large";"large";True
-4244;"small";"small";True
-9847;"small";"small";True
8057;"large";"large";True
2441;"large";"large";True
3246;"large";"large";True
3606;"large";"large";True
4191;"large";"large";True
-9208;"small";"small";True
-4935;"small";"small";True
-8921;"small";"small";True
-2157;"small";"small";True
8330;"large";"large";True
7168;"large";"large";True
-5578;"small";"small";True
-7994;"small";"small";True
-1914;"small";"small";True
-7882;"small";"small";True
-3946;"small";"small";True
9658;"large";"large";True
-2183;"small";"small";True
-7638;"small";"small";True
-5648;"small";"small";True
7148;"large";"large";True
-2497;"small";"small";True
-247;"small";"small";True
-2374;"small";"small";True
4522;"large";"large";True
4316;"large";"large";True
-3125;"small";"small";True
2949;"large";"large";True
-226;"small";"small";True
9252;"large";"large";True
-8981;"small";"small";True
5674;"large";"large";True
4908;"large";"large";True
-9311;"small";"small";True
360;"small";"small";True
7949;"large";"large";True
-9617;"small";"small";True
1365;"";"";True
4573;"large";"large";True
-8800;"small";"small";True
-4238;"small";"small";True
1375;"";"";True
-9077;"small";"small";True
-6086;"small";"small";True
-18;"small";"small";True
2039;"large";"large";True
-2405;"small";"small";True
3495;"large";"large";True
4682;"large";"large";True
-6001;"small";"small";True
-5032;"small";"small";True
6138;"large";"large";True
3752;"large";"large";True
-2955;"small";"small";True
-5472;"small";"small";True
3540;"large";"large";True
-2763;"small";"small";True
-8092;"small";"small";True
-9101;"small";"small";True
-8459;"small";"small";True
-5317;"small";"small";True
6237;"large";"large";True
1723;"";"";True
-4581;"small";"small";True
-7274;"small";"small";True
1323;"";"";True
8372;"large";"large";True
4850;"large";"large";True
-2237;"small";"small";True
8464;"large";"large";True
-8453;"small";"small";True
7850;"large";"large";True
7777;"large";"large";True
-1272;"small";"small";True
6966;"large";"large";True
3573;"large";"large";True
4921;"large";"large";True
8407;"large";"large";True
-4635;"small";"small";True
-2619;"small";"small";True
-7237;"small";"small";True
3374;"large";"large";True
-4022;"small";"small";True
-2389;"small";"small";True
-5544;"small";"small";True
-5715;"small";"small";True
1930;"";"";True
9064;"large";"large";True
8879;"large";"large";True
2069;"large";"large";True
-3579;"small";"small";True
1464;"";"";True
1295;"";"";True
4263;"large";"large";True
8143;"large";"large";True
-5555;"small";"small";True
172;"small";"small";True
-4801;"small";"small";True
-6588;"small";"small";True
-427;"small";"small";True
5074;"large";"large";True
-9433;"small";"small";True
7507;"large";"large";True
8995;"large";"large";True
1242;"";"";True
6068;"large";"large";True
-3537;"small";"small";True
1203;"";"";True
6506;"large";"large";True
-620;"small";"small";True
-6484;"small";"small";True
-1574;"small";"small";True
5505;"large";"large";True
-3315;"small";"small";True
-9970;"small";"small";True
6638;"large";"large";True
6945;"large";"large";True
-6637;"small";"small";True
687;"small";"small";True
-4943;"small";"small";True
-2941;"small";"small";True
1443;"";"";True
-1442;"small";"small";True
7367;"large";"large";True
-8409;"small";"small";True
-8258;"small";"small";True
5262;"large";"large";True
-3846;"small";"small";True
926;"small";"small";True
8588;"large";"large";True
4600;"large";"large";True
2313;"large";"large";True
827;"small";"small";True
858;"small";"small";True
1642;"";"";True
5301;"large";"large";True
5036;"large";"large";True
-6417;"small";"small";True
1192;"";"";True
4257;"large";"large";True
-1008;"small";"small";True
6607;"large";"large";True
-1702;"small";"small";True
-7408;"small";"small";True
-9575;"small";"small";True
1117;"";"";True
2165;"large";"large";True
-4158;"small";"small";True
-7004;"small";"small";True
-4544;"small";"small";True
829;"small";"small";True
-9649;"small";"small";True
-2090;"small";"small";True
271;"small";"small";True
4117;"large";"large";True
54;"small";"small";True
-177;"small";"small";True
8006;"large";"large";True
1956;"";"";True
5317;"large";"large";True
8002;"large";"large";True
-1589;"small";"small";True
-5947;"small";"small";True
4173;"large";"large";True
431;"small";"small";True
9097;"large";"large";True
266;"small";"small";True
907;"small";"small";True
-447;"small";"small";True
9703;"large";"large";True
-6554;"small";"small";True
-1503;"small";"small";True
1490;"";"";True
-1519;"small";"small";True
-7532;"small";"small";True
3453;"large";"large";True
4828;"large";"large";True
-5368;"small";"small";True
3427;"large";"large";True
5055;"large";"large";True
-9701;"small";"small";True
-7792;"small";"small";True
-4062;"small";"small";True
-5471;"small";"small";True
-5855;"small";"small";True
6387;"large";"large";True
-3650;"small";"small";True
9073;"large";"large";True
8326;"large";"large";True
-412;"small";"small";True
5254;"large";"large";True
2546;"large";"large";True
9821;"large";"large";True
5323;"large";"large";True
3882;"large";"large";True
9903;"large";"large";True
-4910;"small";"small";True
356;"small";"small";True
6888;"large";"large";True
643;"small";"small";True
6023;"large";"large";True
-9598;"small";"small";True
-8712;"small";"small";True
1881;"";"";True
-4696;"small";"small";True
8214;"large";"large";True
5681;"large";"large";True
-4662;"small";"small";True
3554;"large";"large";True
2148;"large";"large";True
-3545;"small";"small";True
7440;"large";"large";True
-2165;"small";"small";True
-2141;"small";"small";True
3929;"large";"large";True
7389;"large";"large";True
-9656;"small";"small";True
7491;"large";"large";True
-4773;"small";"small";True
-2746;"small";"small";True
-4227;"small";"small";True
9845;"large";"large";True
3082;"large";"large";True
-1807;"small";"small";True
157;"small";"small";True
8881;"large";"large";True
-4895;"small";"small";True
-7206;"small";"small";True
2938;"large";"large";True
3138;"large";"large";True
-3598;"small";"small";True
6736;"large";"large";True
-6324;"small";"small";True
-6452;"small";"small";True
-2213;"small";"small";True
-2891;"small";"small";True
5292;"large";"large";True
-7321;"small";"small";True
1112;"";"";True
1258;"";"";True
3004;"large";"large";True
-2460;"small";"small";True
3451;"large";"large";True
908;"small";"small";True
3205;"large";"large";True
-9678;"small";"small";True
7617;"large";"large";True
-8028;"small";"small";True
-613;"small";"small";True
3155;"large";"large";True
-4974;"small";"small";True
7123;"large";"large";True
-3984;"small";"small";True
479;"small";"small";True
-3702;"small";"small";True
8543;"large";"large";True
7549;"large";"large";True
9207;"large";"large";True
8474;"large";"large";True
-9481;"small";"small";True
-5930;"small";"small";True
-5305;"small";"small";True
-6928;"small";"small";True
7768;"large";"large";True
-1011;"small";"small";True
7364;"large";"large";True
-5940;"small";"small";True
1391;"";"";True
2569;"large";"large";True
4741;"large";"large";True
-6279;"small";"small";True
7914;"large";"large";True
2210;"large";"large";True
-8536;"small";"small";True
-2790;"small";"small";True
3672;"large";"large";True
-5155;"small";"small";True
-6589;"small";"small";True
2514;"large";"large";True
2822;"large";"large";True
-4785;"small";"small";True
-1074;"small";"small";True
-4945;"small";"small";True
1488;"";"";True
-7818;"small";"small";True
-9673;"small";"small";True
-8923;"small";"small";True
-3312;"small";"small";True
-9882;"small";"small";True
-4079;"small";"small";True
-2742;"small";"small";True
-6582;"small";"small";True
8212;"large";"large";True
9379;"large";"large";True
-2058;"small";"small";True
-7541;"small";"small";True
1581;"";"";True
8300;"large";"large";True
4568;"large";"large";True
-9771;"small";"small";True
3543;"large";"large";True
3114;"large";"large";True
3224;"large";"large";True
-9463;"small";"small";True
2997;"large";"large";True
-9442;"small";"small";True
-3072;"small";"small";True
-897;"small";"small";True
2187;"large";"large";True
-8121;"small";"small";True
832;"small";"small";True
5592;"large";"large";True
-5442;"small";"small";True
9947;"large";"large";True
-2092;"small";"small";True
7681;"large";"large";True
-4921;"small";"small";True
-5010;"small";"small";True
8312;"large";"large";True
-2100;"small";"small";True
-6396;"small";"small";True
-1174;"small";"small";True
-134;"small";"small";True
8621;"large";"large";True
-9389;"small";"small";True
-9874;"small";"small";True
8837;"large";"large";True
-4354;"small";"small";True
-8519;"small";"small";True
9813;"large";"large";True
2850;"large";"large";True
1324;"";"";True
-8810;"small";"small";True
5207;"large";"large";True
2537;"large";"large";True
8239;"large";"large";True
6614;"large";"large";True
-1597;"small";"small";True
9783;"large";"large";True
-5070;"small";"small";True
-5816;"small";"small";True
2707;"large";"large";True
3462;"large";"large";True
-8867;"small";"small";True
-6403;"small";"small";True
-695;"small";"small";True
3738;"large";"large";True
6171;"large";"large";True
-9818;"small";"small";True
2658;"large";"large";True
-1734;"small";"small";True
-4653;"small";"small";True
4555;"large";"large";True
-1471;"small";"small";True
2924;"large";"large";True
-5007;"small";"small";True
6743;"large";"large";True
8602;"large";"large";True
3890;"large";"large";True
-1457;"small";"small";True
3690;"large";"large";True
4101;"large";"large";True
664;"small";"small";True
-8153;"small";"small";True
-4429;"small";"small";True
4687;"large";"large";True
7778;"large";"large";True
-5003;"small";"small";True
-8764;"small";"small";True
8909;"large";"large";True
-2638;"small";"small";True
-4697;"small";"small";True
1334;"";"";True
-9022;"small";"small";True
-5403;"small";"small";True
-1953;"small";"small";True
9148;"large";"large";True
-4122;"small";"small";True
3990;"large";"large";True
-8638;"small";"small";True
7242;"large";"large";True
1283;"";"";True
1919;"";"";True
2931;"large";"large";True
-6431;"small";"small";True
-9809;"small";"small";True
6085;"large";"large";True
4216;"large";"large";True
9415;"large";"large";True
-5273;"small";"small";True
4163;"large";"large";True
-7968;"small";"small";True
-8770;"small";"small";True
-1332;"small";"small";True
1716;"";"";True
-2432;"small";"small";True
-2067;"small";"small";True
-5427;"small";"small";True
9528;"large";"large";True
-8332;"small";"small";True
3110;"large";"large";True
7631;"large";"large";True
-9731;"small";"small";True
6801;"large";"large";True
-9270;"small";"small";True
1509;"";"";True
98;"small";"small";True
-5837;"small";"small";True
-4419;"small";"small";True
4740;"large";"large";True
-8569;"small";"small";True
1871;"";"";True
-3081;"small";"small";True
-7183;"small";"small";True
-1570;"small";"small";True
5988;"large";"large";True
-6814;"small";"small";True
-7455;"small";"small";True
703;"small";"small";True
5684;"large";"large";True
-6772;"small";"small";True
1988;"";"large";False
-4976;"small";"small";True
-8960;"small";"small";True
-4311;"small";"small";True
8831;"large";"large";True
-5025;"small";"small";True
6708;"large";"large";True
5401;"large";"large";True
7145;"large";"large";True
8237;"large";"large";True
7796;"large";"large";True
-3308;"small";"small";True
2557;"large";"large";True
-1479;"small";"small";True
9674;"large";"large";True
-577;"small";"small";True
-8915;"small";"small";True
-6261;"small";"small";True
2987;"large";"large";True
-2599;"small";"small";True
8482;"large";"large";True
-8289;"small";"small";True
-1099;"small";"small";True
-5092;"small";"small";True
3774;"large";"large";True
6494;"large";"large";True
-8;"small";"small";True
-7279;"small";"small";True
7966;"large";"large";True
2474;"large";"large";True
-4598;"small";"small";True
-4646;"small";"small";True
422;"small";"small";True
8553;"large";"large";True
9701;"large";"large";True
-4960;"small";"small";True
-7037;"small";"small";True
7107;"large";"large";True
7790;"large";"large";True
-4045;"small";"small";True
2323;"large";"large";True
-2775;"small";"small";True
-837;"small";"small";True
2290;"large";"large";True
-1157;"small";"small";True
7039;"large";"large";True
-8303;"small";"small";True
-7142;"small";"small";True
-325;"small";"small";True
5665;"large";"large";True
336;"small";"small";True
-4965;"small";"small";True
-9146;"small";"small";True
-9472;"small";"small";True
638;"small";"small";True
8336;"large";"large";True
6488;"large";"large";True
3871;"large";"large";True
5901;"large";"large";True
1337;"";"";True
3562;"large";"large";True
-4101;"small";"small";True
-3160;"small";"small";True
8656;"large";"large";True
-5935;"small";"small";True
-8006;"small";"small";True
-3003;"small";"small";True
-5476;"small";"small";True
3874;"large";"large";True
-9546;"small";"small";True
2834;"large";"large";True
8110;"large";"large";True
-978;"small";"small";True
-4832;"small";"small";True
-8144;"small";"small";True
2638;"large";"large";True
-1888;"small";"small";True
9988;"large";"large";True
5762;"large";"large";True
-5995;"small";"small";True
-143;"small";"small";True
-8502;"small";"small";True
7734;"large";"large";True
281;"small";"small";True
6766;"large";"large";True
9019;"large";"large";True
-7457;"small";"small";True
-9592;"small";"small";True
-5121;"small";"small";True
4446;"large";"large";True
2344;"large";"large";True
1016;"";"";True
-6606;"small";"small";True
-6271;"small";"small";True
2545;"large";"large";True
-2518;"small";"small";True
4567;"large";"large";True
-6036;"small";"small";True
3484;"large";"large";True
7138;"large";"large";True
1515;"";"";True
6289;"large";"large";True
6532;"large";"large";True
6771;"large";"large";True
-8952;"small";"small";True
3005;"large";"large";True
-8526;"small";"small";True
4381;"large";"large";True
-2503;"small";"small";True
-1186;"small";"small";True
6834;"large";"large";True
6452;"large";"large";True
6044;"large";"large";True
-6061;"small";"small";True
-1835;"small";"small";True
8683;"large";"large";True
-5684;"small";"small";True
-5532;"small";"small";True
4181;"large";"large";True
1422;"";"";True
-1945;"small";"small";True
8070;"large";"large";True
-7243;"small";"small";True
8731;"large";"large";True
-7200;"small";"small";True
-9538;"small";"small";True
-1817;"small";"small";True
5294;"large";"large";True
5877;"large";"large";True
4028;"large";"large";True
-6809;"small";"small";True
9900;"large";"large";True
-3933;"small";"small";True
3010;"large";"large";True
-8497;"small";"small";True
7954;"large";"large";True
-8242;"small";"small";True
230;"small";"small";True
7427;"large";"large";True
-8262;"small";"small";True
-9037;"small";"small";True
-3944;"small";"small";True
-2461;"small";"small";True
-9505;"small";"small";True
-8390;"small";"small";True
-9384;"small";"small";True
8939;"large";"large";True
9062;"large";"large";True
-35;"small";"small";True
3185;"large";"large";True
3210;"large";"large";True
8484;"large";"large";True
1770;"";"";True
5719;"large";"large";True
3762;"large";"large";True
7187;"large";"large";True
1208;"";"";True
-7588;"small";"small";True
2339;"large";"large";True
1140;"";"";True
1747;"";"";True
-1844;"small";"small";True
-5091;"small";"small";True
-2226;"small";"small";True
320;"small";"small";True
8565;"large";"large";True
9433;"large";"large";True
321;"small";"small";True
-7709;"small";"small";True
-1204;"small";"small";True
6096;"large";"large";True
-2071;"small";"small";True
-9;"small";"small";True
-7749;"small";"small";True
8992;"large";"large";True
7890;"large";"large";True
1233;"";"";True
-1736;"small";"small";True
-2682;"small";"small";True
5451;"large";"large";True
-1777;"small";"small";True
8534;"large";"large";True
-2758;"small";"small";True
-350;"small";"small";True
-5943;"small";"small";True
-5465;"small";"small";True
-6260;"small";"small";True
7687;"large";"large";True
9371;"large";"large";True
-6841;"small";"small";True
6519;"large";"large";True
4172;"large";"large";True
-2138;"small";"small";True
-3938;"small";"small";True
-4811;"small";"small";True
